,Unnamed: 0,tweetcreatedts,text,language,username,label,score
0,0,2021-12-27 00:30:48+00:00,"@NashaCanada –ù–µ —Ç–æ –∏ –Ω–µ —Ç—Ä—É–≥–æ–µ –ùATO –∏ –°–®–ê! –ü–æ–Ω–∏–º–∞—é —á—Ç–æ –∂–∏–≤—ë—Ç–µ –≤ –ö–∞–Ω–∞–¥–µ, –Ω–æ –±—É—Ä–≥—É —Ç–æ–∂–µ –Ω–µ –Ω–∞–¥–æ –Ω–µ—Å—Ç–∏!",ru,minu_nimi,neutral,0.5080060958862305
1,0,2022-01-07 15:52:33+00:00,"–ö–∞–∂–¥–∞—è —Å—Ç—Ä–∞–Ω–∞ –∏–º–µ–µ—Ç –ø—Ä–∞–≤–æ –≤—ã–±–∏—Ä–∞—Ç—å —Å–∞–º–∞, –ø—Ä–∏—Å–æ–µ–¥–∏–Ω–∏—Ç—Å—è –ª–∏ –æ–Ω–∞ –∫ –∫–∞–∫–æ–º—É-–ª–∏–±–æ –¥–æ–≥–æ–≤–æ—Ä—É –∏–ª–∏ –∞–ª—å—è–Ω—Å—É.\n\n#–ùATO | #ForMin https://t.co/zM9rPG5MAc",ru,NATOpoRusski,neutral,0.9980356097221375
2,0,2022-01-20 01:06:51+00:00,"–Ω—É –∏ —á–µ–≥–æ –ï–≤—Ä–æ–ø–∞ –∏ –ùATO ""–≥–æ–ª–æ—Å—è—Ç"" ?  –º—ã –æ–∫—Ä—É–∂–µ–Ω—ã –≤–æ–µ–Ω–Ω—ã–º–∏ –±–∞–∑–∞–º–∏ –ù–ê–¢–û –∏ –≤–ø—Ä–∞–≤–µ –¥–µ–ª–∞—Ç—å, —á—Ç–æ –ø–æ–∂–µ–ª–∞–µ–º! https://t.co/0Sja59f4aI",ru,Anna27Annushka,neutral,0.9929565191268921
3,0,2022-02-07 22:17:45+00:00,"@VRSoloviev —Ö–≤–∞—Ç–∏—Ç –ª–∞–ø—à—É –≤–µ—à–∞—Ç—å...—Ä–æ—Å—Å–∏–π—Å–∫–∏–µ –≤–ª–∞—Å—Ç–∏ –¥–µ–ª–∞—é—Ç –≤—Å—ë —á—Ç–æ–±—ã —Å—Ç—Ä–∞–Ω—ã –ùATO –±–æ–≥–∞—Ç–µ–ª–∏ –∑–∞ —Å—á—ë—Ç –Ω–∞—Ä–æ–¥–∞ –†–æ—Å—Å–∏–∏ –∏ –±—ã–≤—à–µ–≥–æ –ø–æ—Å—Ç—Å–æ–≤–µ—Ç–∞ .–í–æ—Ç —á—å–∏ –∏–Ω—Ç–µ—Ä–µ—Å—ã –∏ –ø—Ä–∞–≤–∞ –∏–≥–Ω–æ—Ä–∏—Ä—É—é—Ç—Å—è.–ù–∞—Ö–µ—Ä –Ω–∞–¥–æ –±—ã–ª–æ –±–∞–∑—É –Ω–∞ –ö—É–±–µ —Å–≤–æ—Ä–∞—á–∏–≤–∞—Ç—å, –µ—Å–ª–∏ –≤–∞—Å —Ç–∞–º —Ç–∏–ø–∞ ""–∏–≥–Ω–æ—Ä–∏—Ä–æ–≤–∞–ª–∏""? —á—å–∏ –∏–Ω—Ç–µ—Ä–µ—Å—ã –≤—ã  –≤ —Ç–æ—Ç –º–æ–º–µ–Ω—Ç –ø—Ä–µ–¥—Å—Ç–∞–≤–ª—è–ª–∏?",ru,LIRA2511,negative,0.8300237059593201
4,0,2022-02-25 12:11:29+00:00,@m_zorigt –ùATO - –∑—ç–≤—Å—ç–≥ —Ç–µ—Ö–Ω–∏–∫ —Ü—ç—Ä–≥—ç—ç –æ—Ä—É—É–ª–∞—Ö —ç—Ä—Ö –¥–∞–∞–Ω —á –±–∞–π—Ö–≥“Ø–π –≥–∏—à“Ø“Ø–Ω –±–∏—à —à –¥—ç—ç,ru,EnkhtuyaDendev,neutral,0.9953234791755676
5,0,2022-03-01 10:17:53+00:00,"–û–Ω–∏ –ø–ª–∞–Ω–∏—Ä—É—é—Ç –Ω–∞—Å—Ç—É–ø–∞—Ç—å –Ω–∞ –≤–æ—Å—Ç–æ—á–Ω—É—é –ï–≤—Ä–æ–ø—É. –í–æ—Å—Ç–æ—á–Ω–∞—è –ï–≤—Ä–æ–ø–∞ –Ω–µ –±—É–¥–µ—Ç –≤–µ—Å—Ç–∏ –≤–æ–π–Ω—É. –¢–∞–º –ùATO. –û–Ω–∏ –Ω–µ –¥–æ–±—å—é—Ç—Å—è —Å–æ—é–∑–∞, –∞ —Ç–æ–ª—å–∫–æ —Ä–∞–∑—Ä—É—à–∞—Ç –£–∫—Ä–∞–∏–Ω—É.  –ö–æ–º—É —ç—Ç–æ –≤—ã–≥–æ–¥–Ω–æ, –Ω–∏–∫–æ–º—É !",ru,blocked_ghost,negative,0.8645539879798889
6,0,2022-03-02 07:25:46+00:00,"@anniejakie @wisniais –º–∞–º–∞ –≥–æ–≤–æ—Ä–∏—Ç, —á—Ç–æ –Ω–∞ —É–∫—Ä–∞–∏–Ω—É –º–Ω–æ–≥–∏–º –Ω–∞—Å—Ä–∞—Ç—å –Ω–∞ —Å–∞–º–æ–º –¥–µ–ª–µ. —ç—Ç–æ –≤—Å–µ —Ç–∏–ø–∞ –∏–∑-–∑–∞ –æ–º—ç—Ä–∏–∫–∏ –≤–µ–¥–µ—Ç—Å—è. —Ç–µ –∂–µ –≤ –Ωato –∏—Ö –Ω–µ –±–µ—Ä—É—Ç –∏ –Ω–µ –≤–æ–∑—å–º—É—Ç, –ø–æ—Ç–æ–º—É —á—Ç–æ ""—á—Ç–æ —Å –Ω–∏—Ö –≤–∑—è—Ç—å"" –Ω—É –∏ –≥–æ–≤–æ—Ä–∏—Ç, —á—Ç–æ —Ç–µ —Ç–æ–∫ –ø–æ–ø—Ä–∞—à–∞–π–Ω–∏—á–∞—é—Ç, –∞ –≤–∑–∞–º–µ–Ω –Ω–∏—á–µ–≥–æ. —Ç–∞–∫–∂–µ –∏ —Å –≥–∞–∑–æ–º –±—ã–ª–æ. –ø–æ—ç—Ç–æ–º—É –∏ —Å –µ—Å –ø–æ–¥ –≤–æ–ø—Ä–æ—Å–æ–º. –Ω—É —Ö–∑.",ru,Marie_Zv,negative,0.8846805095672607
7,0,2022-03-25 17:34:19+00:00,–ì—Ä–∞–Ω-–ü–ª–∞—Å / –ì—Ä–æ—Ç–µ –ú–∞—Ä–∫—Ç –æ—Å–≤–µ—â—ë–Ω —Å–∏–Ω–∏–º —Ü–≤–µ—Ç–æ–º #–ùATO –Ω–∞ —ç—Ç–æ–π –Ω–µ–¥–µ–ª–µ #NATOSummit #–ù–ê–¢–û–°–∞–º–º–∏—Ç\n\n–°–ø–∞—Å–∏–±–æ –ø—Ä–∏–Ω–∏–º–∞—é—â–µ–π —Å—Ç—Ä–∞–Ω–µ –ë–µ–ª—å–≥–∏–∏! üáßüá™ https://t.co/rp4wCISUND,ru,NATOpoRusski,neutral,0.9968327879905701
8,0,2022-04-10 22:05:52+00:00,"–ùATO –Ω–∞—Ü–µ–ª–µ–Ω–æ, –º–µ–∂–¥—É –ø—Ä–æ—á–∏–º, –Ω–∞ –ø–æ–¥–∞–≤–ª–µ–Ω–∏–µ –Ω–∞—Ü–∏–æ–Ω–∞–ª—å–Ω—ã—Ö –ø—Ä–∏–Ω—Ü–∏–ø–æ–≤ –∏ –∏–Ω—Ç–µ—Ä–µ—Å–æ–≤ –≤—Å–µ—Ö —Å—Ç—Ä–∞–Ω –≤ –∏–Ω—Ç–µ—Ä—Å–∞—Ö –∏—Ö EU- US Elite.",ru,blocked_ghost,neutral,0.998239278793335
9,0,2022-04-18 15:45:32+00:00,@artmnv @NikNPf –ùATO –≤ –í–°–£ –ø—Ä–æ—Å–∏—Ç—Å—è –±—É–¥–µ—Ç –ø–æ–¥ –∑–∞—â–∏—Ç—É ‚Ä¶,ru,VW7w5sjwhc2,neutral,0.9967470169067383
10,0,2022-04-21 16:44:30+00:00,"@putin4russia –¢–∞–∫ –≤–µ–¥—å –∏ C–®A —Å –ùATO –≤–ø—Ä–∞–≤–µ —Å—á–∏—Ç–∞—Ç—å –∑–∞–∫–æ–Ω–Ω–æ–π —Ü–µ–ª—å—é —Ç—Ä–∞–Ω—Å–ø–æ—Ä—Ç p—Ñ —Å –æ—Ä—É–∂–∏–µ–º, –µ—Å–ª–∏ –æ–Ω —Å–ª–µ–¥—É–µ—Ç –ø–æ —Ç–µ—Ä—Ä–∏—Ç–æ—Ä–∏–∏ –£–∫—Ä–∞–∏–Ω—ã",ru,VitalyNaletov,neutral,0.9910308122634888
